"LineNumber","Pattern","Line"
"2402","<motion.div","            <motion.div"
"2454","<motion.div","              <motion.div"
"2461","<motion.div","                  <motion.div"
"2473","</motion.div>","                  </motion.div>"
"2510","<motion.div","                      <motion.div"
"2525","</motion.div>","              </motion.div>"
"2558","</motion.div>","            </motion.div>"
"2560","<motion.div","            <motion.div"
"2680","<motion.div","                        <motion.div"
"2688","<motion.div","                        <motion.div"
"2783","</motion.div>","                        </motion.div>"
"3170","<motion.div","                      <motion.div"
"3301","</motion.div>","                      </motion.div>"
"3640","<motion.div","                  <motion.div"
"3651","<motion.div","                        <motion.div"
"3775","</motion.div>","                        </motion.div>"
"3778","</motion.div>","                  </motion.div>"
"3784","<motion.div","                  <motion.div"
"3792","<motion.div","                    <motion.div"
"3968","</motion.div>","                    </motion.div>"
"3969","</motion.div>","                  </motion.div>"
"3975","<motion.div","                  <motion.div"
"3983","<motion.div","                    <motion.div"
"4111","</motion.div>","                    </motion.div>"
"4112","</motion.div>","                  </motion.div>"
"4118","<motion.div","                  <motion.div"
"4126","<motion.div","                    <motion.div"
"4239","</motion.div>","                    </motion.div>"
"4240","</motion.div>","                  </motion.div>"
"4245","<motion.div","                  <motion.div"
"4253","<motion.div","                    <motion.div"
"4322","<motion.div","                              <motion.div"
"4379","</motion.div>","                    </motion.div>"
"4380","</motion.div>","                  </motion.div>"
"4387","<motion.div","                  <motion.div"
"4395","<motion.div","                    <motion.div"
"4458","</motion.div>","                    </motion.div>"
"4459","</motion.div>","                  </motion.div>"
"5962","<motion.div","                  <motion.div"
"5970","<motion.div","                    <motion.div"
"6057","</motion.div>","                    </motion.div>"
"6058","</motion.div>","                  </motion.div>"
"6065","<motion.div","                  <motion.div"
"6073","<motion.div","                    <motion.div"
"6248","</motion.div>","                    </motion.div>"
"6249","</motion.div>","                  </motion.div>"
